id,timestamp,amount,direction,merchant_label,upi_id,source,category,category_confidence,essential_flag,recurring_flag,self_transfer,note,utr
customer_two-0144,2026-05-28 10:00:00,279.0,DEBIT,ஏர்டெல் மொபைல்,airtel@icici,demo,BILLS,0.95,True,True,False,,5574580DC36E
customer_two-0169,2026-05-30 10:00:00,32.0,DEBIT,பாலா சங்கம்,milk@icici,demo,FOOD,0.95,True,True,False,,8A0A0AD96D81
customer_two-0187,2026-06-01 10:00:00,140.0,DEBIT,சரவணா ஹோட்டல்,saravana@icici,demo,FOOD,0.95,True,True,False,,CBD336AE123E
customer_two-0002,2026-06-02 09:00:00,79.27,DEBIT,சரவணா ஹோட்டல்,saravana@upi,demo,FOOD,0.95,True,False,False,,27EE17875750
customer_two-0001,2026-06-02 12:22:00,822.66,DEBIT,அமேசான்,amazon@upi,demo,SHOPPING,0.95,False,False,False,,20D4FE8F6EBB
customer_two-0003,2026-06-02 22:31:00,18.87,DEBIT,பாலா சங்கம்,milk@upi,demo,FOOD,0.95,True,False,False,,DED9B1BE8563
customer_two-0005,2026-06-03 09:30:00,2500.0,DEBIT,House Rent,landlord@hdfcbank,demo,ESSENTIALS,0.95,True,False,False,monthly rent,E85E47115F4E
customer_two-0004,2026-06-03 11:03:00,16.7,DEBIT,பாலா சங்கம்,milk@upi,demo,FOOD,0.95,True,False,False,,34E1A3C70423
customer_two-0168,2026-06-04 10:00:00,32.0,DEBIT,பாலா சங்கம்,milk@icici,demo,FOOD,0.95,True,True,False,,E75F39071C2C
customer_two-0007,2026-06-07 18:15:00,2000.0,DEBIT,Own Savings,meena.savings@okaxis,demo,TRANSFER,0.95,False,False,True,self transfer,81D51D5FE020
customer_two-0006,2026-06-07 22:36:00,334.13,DEBIT,நீலகிரி சூப்பர் மார்க்கெட்,nilgiris@upi,demo,FOOD,0.95,True,False,False,,D22789E162BD
customer_two-0186,2026-06-08 10:00:00,140.0,DEBIT,சரவணா ஹோட்டல்,saravana@icici,demo,FOOD,0.95,True,True,False,,1702A3A8E1E1
customer_two-0167,2026-06-09 10:00:00,32.0,DEBIT,பாலா சங்கம்,milk@icici,demo,FOOD,0.95,True,True,False,,EBD10DCB0B63
customer_two-0008,2026-06-09 17:10:00,266.7,DEBIT,சிட்டி கிளினிக்,city@upi,demo,HEALTH,0.95,True,False,False,,02426FFF5D29
customer_two-0009,2026-06-10 11:00:00,900.0,DEBIT,School Fees,school@icici,demo,EDUCATION,0.95,True,False,False,term fee,F08B4C42D638
customer_two-0011,2026-06-13 07:57:00,31.13,DEBIT,டிஎன்எஸ்டிசி பஸ்,tnstc@upi,demo,TRAVEL,0.95,False,False,False,,B5721F334FCF
customer_two-0010,2026-06-13 21:17:00,107.65,DEBIT,அன்னை கிரானா,annai@upi,demo,FOOD,0.95,True,False,False,,14FAE579DCF0
customer_two-0166,2026-06-14 10:00:00,32.0,DEBIT,பாலா சங்கம்,milk@icici,demo,FOOD,0.95,True,True,False,,F79C1D7A0AD3
customer_two-0012,2026-06-15 07:50:00,336.21,DEBIT,நீலகிரி சூப்பர் மார்க்கெட்,nilgiris@upi,demo,FOOD,0.95,True,False,False,,2291617EDBC9
customer_two-0185,2026-06-15 10:00:00,140.0,DEBIT,சரவணா ஹோட்டல்,saravana@icici,demo,FOOD,0.95,True,True,False,,2D38155973C7
customer_two-0013,2026-06-15 11:09:00,511.84,DEBIT,இந்தியன் ஆயில்,indian@upi,demo,TRAVEL,0.95,False,False,False,,1A789467B164
customer_two-0014,2026-06-16 06:26:00,22.05,DEBIT,பாலா சங்கம்,milk@upi,demo,FOOD,0.95,True,False,False,,53AF898DDC13
customer_two-0015,2026-06-16 19:43:00,135.35,DEBIT,சரவணா ஹோட்டல்,saravana@upi,demo,FOOD,0.95,True,False,False,,4094D13E123E
customer_two-0016,2026-06-18 10:15:00,434.0,DEBIT,Tata Power,tatapower@icici,demo,BILLS,0.95,True,False,False,electricity bill,D51036DF44B2
customer_two-0018,2026-06-19 06:29:00,119.37,DEBIT,அன்னை கிரானா,annai@upi,demo,FOOD,0.95,True,False,False,,B90D1BE3AEFE
customer_two-0165,2026-06-19 10:00:00,32.0,DEBIT,பாலா சங்கம்,milk@icici,demo,FOOD,0.95,True,True,False,,96C5891C6CA2
customer_two-0017,2026-06-19 22:24:00,17.58,DEBIT,பாலா சங்கம்,milk@upi,demo,FOOD,0.95,True,False,False,,975A887E0EA8
customer_two-0020,2026-06-20 09:26:00,249.2,DEBIT,அப்போலோ மருந்துக் கடை,apollo@upi,demo,HEALTH,0.95,True,False,False,,6C8661A1346B
customer_two-0019,2026-06-20 14:10:00,272.73,DEBIT,நீலகிரி சூப்பர் மார்க்கெட்,nilgiris@upi,demo,FOOD,0.95,True,False,False,,032FD1802C09
customer_two-0184,2026-06-22 10:00:00,140.0,DEBIT,சரவணா ஹோட்டல்,saravana@icici,demo,FOOD,0.95,True,True,False,,B8BEFDA8A6E5
customer_two-0022,2026-06-22 15:27:00,28.59,DEBIT,சரவணா ஹோட்டல்,saravana@upi,demo,FOOD,0.95,True,False,False,,5694E61660AD
customer_two-0021,2026-06-22 17:26:00,85.17,DEBIT,நீர்வாரம்,water@upi,demo,ESSENTIALS,0.95,False,False,False,,7EF52F9B6B2E
customer_two-0023,2026-06-22 18:15:00,2000.0,DEBIT,Own Savings,meena.savings@okaxis,demo,TRANSFER,0.95,False,False,True,self transfer,948E1B94C267
customer_two-0025,2026-06-24 09:42:00,162.95,DEBIT,ஜோமேட்டோ,zomato@upi,demo,ENTERTAINMENT,0.95,False,False,False,,826CDC92195D
customer_two-0164,2026-06-24 10:00:00,32.0,DEBIT,பாலா சங்கம்,milk@icici,demo,FOOD,0.95,True,True,False,,F97AF52593F4
customer_two-0024,2026-06-24 16:21:00,175.97,DEBIT,அன்னை கிரானா,annai@upi,demo,FOOD,0.95,True,False,False,,072213DB0731
customer_two-0026,2026-06-26 19:45:00,124.17,DEBIT,சரவணா ஹோட்டல்,saravana@upi,demo,FOOD,0.95,True,False,False,,DCC100F96769
customer_two-0143,2026-06-27 10:00:00,279.0,DEBIT,ஏர்டெல் மொபைல்,airtel@icici,demo,BILLS,0.95,True,True,False,,3DABF157193B
customer_two-0027,2026-06-28 08:43:00,87.58,DEBIT,சிட்டி கிளினிக்,city@upi,demo,HEALTH,0.95,True,False,False,,976208FE9C86
customer_two-0163,2026-06-29 10:00:00,32.0,DEBIT,பாலா சங்கம்,milk@icici,demo,FOOD,0.95,True,True,False,,A5D314D86EB7
customer_two-0183,2026-06-29 10:00:00,140.0,DEBIT,சரவணா ஹோட்டல்,saravana@icici,demo,FOOD,0.95,True,True,False,,0DB90CEB95C5
customer_two-0028,2026-06-30 16:34:00,146.86,DEBIT,அப்போலோ மருந்துக் கடை,apollo@upi,demo,HEALTH,0.95,True,False,False,,B8F5A91D7B0C
customer_two-0029,2026-07-01 09:05:00,298.18,DEBIT,நீலகிரி சூப்பர் மார்க்கெட்,nilgiris@upi,demo,FOOD,0.95,True,False,False,,D0C1B91F103D
customer_two-0030,2026-07-01 18:43:00,203.0,DEBIT,அன்னை கிரானா,annai@upi,demo,FOOD,0.95,True,False,False,,C4093A539CE5
customer_two-0031,2026-07-02 12:51:00,185.87,DEBIT,நீலகிரி சூப்பர் மார்க்கெட்,nilgiris@upi,demo,FOOD,0.95,True,False,False,,107A336D83D3
customer_two-0032,2026-07-03 09:30:00,2500.0,DEBIT,House Rent,landlord@hdfcbank,demo,ESSENTIALS,0.95,True,False,False,monthly rent,47830290DBA3
customer_two-0162,2026-07-04 10:00:00,32.0,DEBIT,பாலா சங்கம்,milk@icici,demo,FOOD,0.95,True,True,False,,7DC5D932C370
customer_two-0035,2026-07-04 11:39:00,313.35,DEBIT,நீலகிரி சூப்பர் மார்க்கெட்,nilgiris@upi,demo,FOOD,0.95,True,False,False,,6BDC7B9E785B
customer_two-0034,2026-07-04 17:24:00,178.76,DEBIT,நீலகிரி சூப்பர் மார்க்கெட்,nilgiris@upi,demo,FOOD,0.95,True,False,False,,F7C6E75AE9CC
customer_two-0033,2026-07-04 18:56:00,21.31,DEBIT,பாலா சங்கம்,milk@upi,demo,FOOD,0.95,True,False,False,,D36EAE9CC822
customer_two-0036,2026-07-05 00:02:00,17.46,DEBIT,பாலா சங்கம்,milk@upi,demo,FOOD,0.95,True,False,False,,55E9EB727021
customer_two-0182,2026-07-06 10:00:00,140.0,DEBIT,சரவணா ஹோட்டல்,saravana@icici,demo,FOOD,0.95,True,True,False,,E8A7757693F9
customer_two-0038,2026-07-07 08:32:00,188.8,DEBIT,அன்னை கிரானா,annai@upi,demo,FOOD,0.95,True,False,False,,7B256E6684B8
customer_two-0037,2026-07-07 10:23:00,23.37,DEBIT,பாலா சங்கம்,milk@upi,demo,FOOD,0.95,True,False,False,,13A4CE4DBF22
customer_two-0039,2026-07-07 18:15:00,2000.0,DEBIT,Own Savings,meena.savings@okaxis,demo,TRANSFER,0.95,False,False,True,self transfer,9426F8B269E6
customer_two-0161,2026-07-09 10:00:00,32.0,DEBIT,பாலா சங்கம்,milk@icici,demo,FOOD,0.95,True,True,False,,5E1E85306117
customer_two-0040,2026-07-09 16:02:00,110.86,DEBIT,அன்னை கிரானா,annai@upi,demo,FOOD,0.95,True,False,False,,32D9931CB68A
customer_two-0043,2026-07-10 19:38:00,147.92,DEBIT,அன்னை கிரானா,annai@upi,demo,FOOD,0.95,True,False,False,,5BB90F972962
customer_two-0042,2026-07-10 20:18:00,95.83,DEBIT,சரவணா ஹோட்டல்,saravana@upi,demo,FOOD,0.95,True,False,False,,1FD73923A583
customer_two-0041,2026-07-10 23:08:00,197.14,DEBIT,டாடா பவர்,tata@upi,demo,BILLS,0.95,False,False,False,,5405AC846C7B
customer_two-0044,2026-07-11 09:27:00,409.05,DEBIT,நீலகிரி சூப்பர் மார்க்கெட்,nilgiris@upi,demo,FOOD,0.95,True,False,False,,CC910D424EC7
customer_two-0045,2026-07-11 14:54:00,103.79,DEBIT,சரவணா ஹோட்டல்,saravana@upi,demo,FOOD,0.95,True,False,False,,E88247A3649E
customer_two-0048,2026-07-12 09:41:00,119.1,DEBIT,அன்னை கிரானா,annai@upi,demo,FOOD,0.95,True,False,False,,64E852B75E68
customer_two-0049,2026-07-12 10:27:00,78.22,DEBIT,சரவணா ஹோட்டல்,saravana@upi,demo,FOOD,0.95,True,False,False,,ACD69D7AF692
customer_two-0046,2026-07-12 10:56:00,75.16,DEBIT,சரவணா ஹோட்டல்,saravana@upi,demo,FOOD,0.95,True,False,False,,F5B9A178D7AA
customer_two-0047,2026-07-12 11:49:00,33.92,DEBIT,நீர்வாரம்,water@upi,demo,ESSENTIALS,0.95,False,False,False,,27C603A6D3A2
customer_two-0181,2026-07-13 10:00:00,140.0,DEBIT,சரவணா ஹோட்டல்,saravana@icici,demo,FOOD,0.95,True,True,False,,F6CE192DEEDC
customer_two-0160,2026-07-14 10:00:00,32.0,DEBIT,பாலா சங்கம்,milk@icici,demo,FOOD,0.95,True,True,False,,DA997A69DBF5
customer_two-0050,2026-07-15 21:02:00,111.12,DEBIT,மெட்ரோ டாப்அப்,metro@upi,demo,TRAVEL,0.95,False,False,False,,21E847492704
customer_two-0051,2026-07-16 12:23:00,67.07,DEBIT,சரவணா ஹோட்டல்,saravana@upi,demo,FOOD,0.95,True,False,False,,CA4429C488F5
customer_two-0052,2026-07-17 12:12:00,218.39,DEBIT,ஜோமேட்டோ,zomato@upi,demo,ENTERTAINMENT,0.95,False,False,False,,CF1B9CE0EF80
customer_two-0054,2026-07-18 10:15:00,434.0,DEBIT,Tata Power,tatapower@icici,demo,BILLS,0.95,True,False,False,electricity bill,F9505C38B233
customer_two-0053,2026-07-18 12:24:00,136.14,DEBIT,அன்னை கிரானா,annai@upi,demo,FOOD,0.95,True,False,False,,55BFD4A6CDB2
customer_two-0159,2026-07-19 10:00:00,32.0,DEBIT,பாலா சங்கம்,milk@icici,demo,FOOD,0.95,True,True,False,,BE14B2F479CB
customer_two-0055,2026-07-19 18:42:00,406.74,DEBIT,நீலகிரி சூப்பர் மார்க்கெட்,nilgiris@upi,demo,FOOD,0.95,True,False,False,,784D923D1B76
customer_two-0057,2026-07-20 06:30:00,226.64,DEBIT,சிட்டி கிளினிக்,city@upi,demo,HEALTH,0.95,True,False,False,,7A7805D80A76
customer_two-0180,2026-07-20 10:00:00,140.0,DEBIT,சரவணா ஹோட்டல்,saravana@icici,demo,FOOD,0.95,True,True,False,,0E767F741662
customer_two-0056,2026-07-20 16:04:00,186.14,DEBIT,அப்போலோ மருந்துக் கடை,apollo@upi,demo,HEALTH,0.95,True,False,False,,7D11D7F5E648
customer_two-0058,2026-07-21 07:01:00,186.93,DEBIT,ஜோமேட்டோ,zomato@upi,demo,ENTERTAINMENT,0.95,False,False,False,,564772B76270
customer_two-0059,2026-07-22 10:45:00,102.85,DEBIT,சரவணா ஹோட்டல்,saravana@upi,demo,FOOD,0.95,True,False,False,,1575982D048D
customer_two-0061,2026-07-22 18:15:00,2000.0,DEBIT,Own Savings,meena.savings@okaxis,demo,TRANSFER,0.95,False,False,True,self transfer,FB737679A260
customer_two-0060,2026-07-22 20:50:00,12.98,DEBIT,பாலா சங்கம்,milk@upi,demo,FOOD,0.95,True,False,False,,86ED068D52E6
customer_two-0062,2026-07-23 19:35:00,178.7,DEBIT,அன்னை கிரானா,annai@upi,demo,FOOD,0.95,True,False,False,,9EF883235FA7
customer_two-0158,2026-07-24 10:00:00,32.0,DEBIT,பாலா சங்கம்,milk@icici,demo,FOOD,0.95,True,True,False,,200D5DEC7F2B
customer_two-0063,2026-07-25 17:19:00,95.6,DEBIT,நீர்வாரம்,water@upi,demo,ESSENTIALS,0.95,False,False,False,,4940252F69F7
customer_two-0064,2026-07-25 19:50:00,328.78,DEBIT,பிவிஆர் சினிமா,pvr@upi,demo,ENTERTAINMENT,0.95,False,False,False,,F6C639728EEA
customer_two-0067,2026-07-27 08:13:00,63.79,DEBIT,நீர்வாரம்,water@upi,demo,ESSENTIALS,0.95,False,False,False,,CCD9245ADDB0
customer_two-0179,2026-07-27 10:00:00,140.0,DEBIT,சரவணா ஹோட்டல்,saravana@icici,demo,FOOD,0.95,True,True,False,,92DD71D9C477
customer_two-0142,2026-07-27 10:00:00,279.0,DEBIT,ஏர்டெல் மொபைல்,airtel@icici,demo,BILLS,0.95,True,True,False,,1D6E9D96EC12
customer_two-0065,2026-07-27 10:36:00,231.75,DEBIT,நீலகிரி சூப்பர் மார்க்கெட்,nilgiris@upi,demo,FOOD,0.95,True,False,False,,3FAED802878F
customer_two-0066,2026-07-27 18:46:00,188.29,DEBIT,அன்னை கிரானா,annai@upi,demo,FOOD,0.95,True,False,False,,8875EE99BB9C
customer_two-0068,2026-07-28 16:24:00,196.4,DEBIT,அப்போலோ மருந்துக் கடை,apollo@upi,demo,HEALTH,0.95,True,False,False,,10FF9E2A8E9E
customer_two-0157,2026-07-29 10:00:00,32.0,DEBIT,பாலா சங்கம்,milk@icici,demo,FOOD,0.95,True,True,False,,5BB4E6C1A9D8
customer_two-0070,2026-07-29 15:32:00,83.71,DEBIT,சரவணா ஹோட்டல்,saravana@upi,demo,FOOD,0.95,True,False,False,,B3711195F25D
customer_two-0069,2026-07-29 19:40:00,25.13,DEBIT,பாலா சங்கம்,milk@upi,demo,FOOD,0.95,True,False,False,,50C475481371
customer_two-0071,2026-07-30 19:05:00,162.13,DEBIT,பிவிஆர் சினிமா,pvr@upi,demo,ENTERTAINMENT,0.95,False,False,False,,F2ED3DAEE478
customer_two-0072,2026-07-31 19:50:00,181.71,DEBIT,அன்னை கிரானா,annai@upi,demo,FOOD,0.95,True,False,False,,278534F7E1B1
customer_two-0075,2026-08-02 09:38:00,179.55,DEBIT,இந்தியன் ஆயில்,indian@upi,demo,TRAVEL,0.95,False,False,False,,49EEB1F0509E
customer_two-0074,2026-08-02 16:57:00,61.41,DEBIT,மெட்ரோ டாப்அப்,metro@upi,demo,TRAVEL,0.95,False,False,False,,5BC9FFCB6358
customer_two-0073,2026-08-02 18:12:00,15.64,DEBIT,பாலா சங்கம்,milk@upi,demo,FOOD,0.95,True,False,False,,832F9E9E8D67
customer_two-0076,2026-08-03 09:30:00,2500.0,DEBIT,House Rent,landlord@hdfcbank,demo,ESSENTIALS,0.95,True,False,False,monthly rent,139266044979
customer_two-0156,2026-08-03 10:00:00,32.0,DEBIT,பாலா சங்கம்,milk@icici,demo,FOOD,0.95,True,True,False,,1A1906409C3E
customer_two-0178,2026-08-03 10:00:00,140.0,DEBIT,சரவணா ஹோட்டல்,saravana@icici,demo,FOOD,0.95,True,True,False,,714D7065C020
customer_two-0077,2026-08-04 06:43:00,466.82,DEBIT,இந்தியன் ஆயில்,indian@upi,demo,TRAVEL,0.95,False,False,False,,5FCCB2BC8E68
customer_two-0078,2026-08-05 18:09:00,199.76,DEBIT,அன்னை கிரானா,annai@upi,demo,FOOD,0.95,True,False,False,,2449CF63D9B3
customer_two-0079,2026-08-07 11:36:00,36.01,DEBIT,சரவணா ஹோட்டல்,saravana@upi,demo,FOOD,0.95,True,False,False,,988B3C5144FC
customer_two-0081,2026-08-07 18:15:00,2000.0,DEBIT,Own Savings,meena.savings@okaxis,demo,TRANSFER,0.95,False,False,True,self transfer,6202B30FFE5A
customer_two-0080,2026-08-07 18:47:00,133.33,DEBIT,அன்னை கிரானா,annai@upi,demo,FOOD,0.95,True,False,False,,7D33F3263B0F
customer_two-0082,2026-08-08 05:59:00,168.09,DEBIT,அன்னை கிரானா,annai@upi,demo,FOOD,0.95,True,False,False,,4B15B66BCAB3
customer_two-0155,2026-08-08 10:00:00,32.0,DEBIT,பாலா சங்கம்,milk@icici,demo,FOOD,0.95,True,True,False,,3D1488A7859C
customer_two-0083,2026-08-08 18:29:00,152.85,DEBIT,ஏர்டெல் மொபைல்,airtel@upi,demo,BILLS,0.95,False,False,False,,47E9E59CC75D
customer_two-0084,2026-08-09 07:34:00,22.53,DEBIT,பாலா சங்கம்,milk@upi,demo,FOOD,0.95,True,False,False,,A90B8451E6BB
customer_two-0085,2026-08-09 16:01:00,55.97,DEBIT,நீர்வாரம்,water@upi,demo,ESSENTIALS,0.95,False,False,False,,59F85BE1403C
customer_two-0177,2026-08-10 10:00:00,140.0,DEBIT,சரவணா ஹோட்டல்,saravana@icici,demo,FOOD,0.95,True,True,False,,8EB0F96FB923
customer_two-0086,2026-08-11 11:09:00,1353.43,DEBIT,அமேசான்,amazon@upi,demo,SHOPPING,0.95,False,False,False,,08552D41C23D
customer_two-0087,2026-08-11 21:40:00,309.03,DEBIT,நீலகிரி சூப்பர் மார்க்கெட்,nilgiris@upi,demo,FOOD,0.95,True,False,False,,E05B777B674E
customer_two-0088,2026-08-12 14:38:00,241.58,DEBIT,சிட்டி கிளினிக்,city@upi,demo,HEALTH,0.95,True,False,False,,D301AE7BC5D2
customer_two-0089,2026-08-12 17:11:00,90.85,DEBIT,நீர்வாரம்,water@upi,demo,ESSENTIALS,0.95,False,False,False,,3F15EFD1FE77
customer_two-0090,2026-08-12 19:57:00,16.77,DEBIT,பாலா சங்கம்,milk@upi,demo,FOOD,0.95,True,False,False,,A2C2F61762D7
customer_two-0154,2026-08-13 10:00:00,32.0,DEBIT,பாலா சங்கம்,milk@icici,demo,FOOD,0.95,True,True,False,,A3DCFD1CE58F
customer_two-0091,2026-08-16 10:07:00,68.95,DEBIT,அப்போலோ மருந்துக் கடை,apollo@upi,demo,HEALTH,0.95,True,False,False,,FC9391D80961
customer_two-0176,2026-08-17 10:00:00,140.0,DEBIT,சரவணா ஹோட்டல்,saravana@icici,demo,FOOD,0.95,True,True,False,,1AC83A6DDDD2
customer_two-0092,2026-08-18 09:05:00,152.43,DEBIT,ஏர்டெல் மொபைல்,airtel@upi,demo,BILLS,0.95,False,False,False,,F7E2D7A7944F
customer_two-0153,2026-08-18 10:00:00,32.0,DEBIT,பாலா சங்கம்,milk@icici,demo,FOOD,0.95,True,True,False,,8FF7B3094ACF
customer_two-0093,2026-08-18 10:15:00,434.0,DEBIT,Tata Power,tatapower@icici,demo,BILLS,0.95,True,False,False,electricity bill,F70327F77F0D
customer_two-0094,2026-08-19 09:59:00,347.28,DEBIT,நீலகிரி சூப்பர் மார்க்கெட்,nilgiris@upi,demo,FOOD,0.95,True,False,False,,44B342BFBC53
customer_two-0095,2026-08-19 22:09:00,50.18,DEBIT,சரவணா ஹோட்டல்,saravana@upi,demo,FOOD,0.95,True,False,False,,29FB9D28905E
customer_two-0096,2026-08-20 11:34:00,9.0,DEBIT,பாலா சங்கம்,milk@upi,demo,FOOD,0.95,True,False,False,,12F64AE9A63A
customer_two-0097,2026-08-22 06:08:00,120.18,DEBIT,சிட்டி கிளினிக்,city@upi,demo,HEALTH,0.95,True,False,False,,2CF300BD598E
customer_two-0099,2026-08-22 18:15:00,2000.0,DEBIT,Own Savings,meena.savings@okaxis,demo,TRANSFER,0.95,False,False,True,self transfer,C2CCEBEE0DEA
customer_two-0098,2026-08-22 20:18:00,121.23,DEBIT,அன்னை கிரானா,annai@upi,demo,FOOD,0.95,True,False,False,,797815A3C815
customer_two-0101,2026-08-23 09:36:00,275.07,DEBIT,நெட்ஃபிக்ஸ்,netflix@upi,demo,BILLS,0.95,False,False,False,,D167C055F20D
customer_two-0152,2026-08-23 10:00:00,32.0,DEBIT,பாலா சங்கம்,milk@icici,demo,FOOD,0.95,True,True,False,,CB7B6BE1FF90
customer_two-0100,2026-08-23 18:29:00,207.16,DEBIT,நீலகிரி சூப்பர் மார்க்கெட்,nilgiris@upi,demo,FOOD,0.95,True,False,False,,B19067F5CB59
customer_two-0102,2026-08-24 04:41:00,273.08,DEBIT,நெட்ஃபிக்ஸ்,netflix@upi,demo,BILLS,0.95,False,False,False,,60250BDCF200
customer_two-0175,2026-08-24 10:00:00,140.0,DEBIT,சரவணா ஹோட்டல்,saravana@icici,demo,FOOD,0.95,True,True,False,,C6B3DAF34A77
customer_two-0103,2026-08-24 19:34:00,51.44,DEBIT,அப்போலோ மருந்துக் கடை,apollo@upi,demo,HEALTH,0.95,True,False,False,,3548DEA74677
customer_two-0141,2026-08-26 10:00:00,279.0,DEBIT,ஏர்டெல் மொபைல்,airtel@icici,demo,BILLS,0.95,True,True,False,,C5061D396DD8
customer_two-0104,2026-08-26 19:28:00,149.07,DEBIT,அன்னை கிரானா,annai@upi,demo,FOOD,0.95,True,False,False,,96055587F3A8
customer_two-0106,2026-08-27 07:31:00,400.32,DEBIT,சிட்டி கிளினிக்,city@upi,demo,HEALTH,0.95,True,False,False,,634F0845536B
customer_two-0105,2026-08-27 17:12:00,22.82,DEBIT,சரவணா ஹோட்டல்,saravana@upi,demo,FOOD,0.95,True,False,False,,87D143559533
customer_two-0107,2026-08-28 09:33:00,175.98,DEBIT,சிட்டி கிளினிக்,city@upi,demo,HEALTH,0.95,True,False,False,,E39DD9742CEB
customer_two-0151,2026-08-28 10:00:00,32.0,DEBIT,பாலா சங்கம்,milk@icici,demo,FOOD,0.95,True,True,False,,B2457E3CF4CF
customer_two-0109,2026-08-29 07:47:00,158.36,DEBIT,ஜோமேட்டோ,zomato@upi,demo,ENTERTAINMENT,0.95,False,False,False,,02C5FDCAA409
customer_two-0108,2026-08-29 09:24:00,18.01,DEBIT,பாலா சங்கம்,milk@upi,demo,FOOD,0.95,True,False,False,,BBE27B51541B
customer_two-0110,2026-08-30 17:32:00,360.82,DEBIT,இந்தியன் ஆயில்,indian@upi,demo,TRAVEL,0.95,False,False,False,,013477199722
customer_two-0111,2026-08-30 22:26:00,170.8,DEBIT,அன்னை கிரானா,annai@upi,demo,FOOD,0.95,True,False,False,,A45892128174
customer_two-0174,2026-08-31 10:00:00,140.0,DEBIT,சரவணா ஹோட்டல்,saravana@icici,demo,FOOD,0.95,True,True,False,,5B358014F275
customer_two-0112,2026-09-01 08:02:00,81.49,DEBIT,சரவணா ஹோட்டல்,saravana@upi,demo,FOOD,0.95,True,False,False,,EAD84C44BD1A
customer_two-0113,2026-09-01 14:44:00,216.66,DEBIT,அப்போலோ மருந்துக் கடை,apollo@upi,demo,HEALTH,0.95,True,False,False,,DE8C97BE0E77
customer_two-0150,2026-09-02 10:00:00,32.0,DEBIT,பாலா சங்கம்,milk@icici,demo,FOOD,0.95,True,True,False,,908F1A860354
customer_two-0114,2026-09-03 06:57:00,80.4,DEBIT,நீர்வாரம்,water@upi,demo,ESSENTIALS,0.95,False,False,False,,328328FCD3B1
customer_two-0115,2026-09-03 09:30:00,2500.0,DEBIT,House Rent,landlord@hdfcbank,demo,ESSENTIALS,0.95,True,False,False,monthly rent,64DAA009C31D
customer_two-0149,2026-09-07 10:00:00,32.0,DEBIT,பாலா சங்கம்,milk@icici,demo,FOOD,0.95,True,True,False,,C85E938097E0
customer_two-0173,2026-09-07 10:00:00,140.0,DEBIT,சரவணா ஹோட்டல்,saravana@icici,demo,FOOD,0.95,True,True,False,,A8106D825C05
customer_two-0116,2026-09-07 18:15:00,2000.0,DEBIT,Own Savings,meena.savings@okaxis,demo,TRANSFER,0.95,False,False,True,self transfer,4621016FEBB9
customer_two-0118,2026-09-09 08:20:00,478.17,DEBIT,இந்தியன் ஆயில்,indian@upi,demo,TRAVEL,0.95,False,False,False,,48D8D673118C
customer_two-0117,2026-09-09 13:45:00,16.06,DEBIT,பாலா சங்கம்,milk@upi,demo,FOOD,0.95,True,False,False,,A3B2C7984C4B
customer_two-0119,2026-09-10 15:15:00,56.34,DEBIT,நீர்வாரம்,water@upi,demo,ESSENTIALS,0.95,False,False,False,,A4F8BEF92156
customer_two-0148,2026-09-12 10:00:00,32.0,DEBIT,பாலா சங்கம்,milk@icici,demo,FOOD,0.95,True,True,False,,AB1DD80DF860
customer_two-0120,2026-09-12 19:53:00,171.43,DEBIT,அப்போலோ மருந்துக் கடை,apollo@upi,demo,HEALTH,0.95,True,False,False,,E7D163A90ACB
customer_two-0122,2026-09-13 06:20:00,73.2,DEBIT,சரவணா ஹோட்டல்,saravana@upi,demo,FOOD,0.95,True,False,False,,D71CCDE31657
customer_two-0124,2026-09-13 08:44:00,676.96,DEBIT,அமேசான்,amazon@upi,demo,SHOPPING,0.95,False,False,False,,4728974A8C41
customer_two-0121,2026-09-13 10:48:00,72.07,DEBIT,நீர்வாரம்,water@upi,demo,ESSENTIALS,0.95,False,False,False,,81E4CEEAD932
customer_two-0123,2026-09-13 17:57:00,16.89,DEBIT,பாலா சங்கம்,milk@upi,demo,FOOD,0.95,True,False,False,,AA485FE93534
customer_two-0172,2026-09-14 10:00:00,140.0,DEBIT,சரவணா ஹோட்டல்,saravana@icici,demo,FOOD,0.95,True,True,False,,A8DCBFB765BB
customer_two-0125,2026-09-16 06:52:00,233.05,DEBIT,நீலகிரி சூப்பர் மார்க்கெட்,nilgiris@upi,demo,FOOD,0.95,True,False,False,,FBDEE36A8A61
customer_two-0147,2026-09-17 10:00:00,32.0,DEBIT,பாலா சங்கம்,milk@icici,demo,FOOD,0.95,True,True,False,,E639A2235E97
customer_two-0128,2026-09-18 10:15:00,434.0,DEBIT,Tata Power,tatapower@icici,demo,BILLS,0.95,True,False,False,electricity bill,63AFAFE87BCD
customer_two-0126,2026-09-18 14:24:00,160.01,DEBIT,டாடா பவர்,tata@upi,demo,BILLS,0.95,False,False,False,,405BEA679ABA
customer_two-0127,2026-09-18 21:13:00,450.63,DEBIT,நீலகிரி சூப்பர் மார்க்கெட்,nilgiris@upi,demo,FOOD,0.95,True,False,False,,B73BAFB527AA
customer_two-0129,2026-09-19 18:30:00,243.87,DEBIT,அப்போலோ மருந்துக் கடை,apollo@upi,demo,HEALTH,0.95,True,False,False,,A93937FA52DB
customer_two-0130,2026-09-20 20:27:00,55.21,DEBIT,சரவணா ஹோட்டல்,saravana@upi,demo,FOOD,0.95,True,False,False,,C91D0F292EB5
customer_two-0171,2026-09-21 10:00:00,140.0,DEBIT,சரவணா ஹோட்டல்,saravana@icici,demo,FOOD,0.95,True,True,False,,BADEA8B54654
customer_two-0146,2026-09-22 10:00:00,32.0,DEBIT,பாலா சங்கம்,milk@icici,demo,FOOD,0.95,True,True,False,,B130E8A0E3F3
customer_two-0131,2026-09-22 18:15:00,2000.0,DEBIT,Own Savings,meena.savings@okaxis,demo,TRANSFER,0.95,False,False,True,self transfer,D439C7181CD1
customer_two-0132,2026-09-24 13:14:00,274.95,DEBIT,நெட்ஃபிக்ஸ்,netflix@upi,demo,BILLS,0.95,False,False,False,,71C4F1B5B71F
customer_two-0140,2026-09-25 10:00:00,279.0,DEBIT,ஏர்டெல் மொபைல்,airtel@icici,demo,BILLS,0.95,True,True,False,,0CFB8C8B3136
customer_two-0134,2026-09-25 15:26:00,14.2,DEBIT,பாலா சங்கம்,milk@upi,demo,FOOD,0.95,True,False,False,,1262DAC40456
customer_two-0133,2026-09-25 18:28:00,164.66,DEBIT,சிட்டி கிளினிக்,city@upi,demo,HEALTH,0.95,True,False,False,,3FC53C91CDF5
customer_two-0135,2026-09-26 17:21:00,557.4,DEBIT,இந்தியன் ஆயில்,indian@upi,demo,TRAVEL,0.95,False,False,False,,DF671CECC9F3
customer_two-0136,2026-09-27 09:05:00,15.86,DEBIT,பாலா சங்கம்,milk@upi,demo,FOOD,0.95,True,False,False,,4DEB96B4A405
customer_two-0145,2026-09-27 10:00:00,32.0,DEBIT,பாலா சங்கம்,milk@icici,demo,FOOD,0.95,True,True,False,,B2D728BCC1EB
customer_two-0137,2026-09-27 22:03:00,261.69,DEBIT,அன்னை கிரானா,annai@upi,demo,FOOD,0.95,True,False,False,,0566E0F1BFF1
customer_two-0170,2026-09-28 10:00:00,140.0,DEBIT,சரவணா ஹோட்டல்,saravana@icici,demo,FOOD,0.95,True,True,False,,2A7530BFF9F7
customer_two-0138,2026-09-28 12:07:00,86.85,DEBIT,சரவணா ஹோட்டல்,saravana@upi,demo,FOOD,0.95,True,False,False,,680F29AF18D8
customer_two-0139,2026-09-28 16:07:00,280.97,DEBIT,நீலகிரி சூப்பர் மார்க்கெட்,nilgiris@upi,demo,FOOD,0.95,True,False,False,,8A82EAC1B276
